Lookup Hash;Rating;Comment;Positives;Virus;File Names;First Submitted;Last Submitted;File Type;MD5;SHA1;SHA256;Imphash;Harmless;Revoked;Expired;Trusted;Signed;Signer;Hybrid Analysis Sample;MalShare Sample;VirusBay Sample;MISP;MISP Events;URLhaus;AnyRun;CAPE;VALHALLA;User Comments;Microsoft;Kaspersky;McAfee;CrowdStrike;TrendMicro;ESET-NOD32;Symantec;F-Secure;Sophos;GData;
2fe2b46a221f9e8f870ebfdede2182dfcc10321dda52df44611515a5a8bff70b;unknown;;0;-;-;-;-;-;-;-;2fe2b46a221f9e8f870ebfdede2182dfcc10321dda52df44611515a5a8bff70b;-;False;False;False;False;False;;False;False;False;False;;False;False;False;[];[];-;-;-;-;-;-;-;-;-;-;
b276e53fdf50efcd2a9e4cb4acfcba9c47ba87d5b96d611e8dbc7b3c69fddfef;clean;;0;-;jemalloc_bi_x64.dll, jemalloc_bi_x64.dll;2019-11-22 19:10:05;2019-11-22 19:10:05;Win32 DLL;bdbb445efefd34d33ce33424baaad700;3db21df07d426af6d557dc1d016792f7f0c4e7bf;b276e53fdf50efcd2a9e4cb4acfcba9c47ba87d5b96d611e8dbc7b3c69fddfef;ab82064cf0dc76f51355628511badc24;False;False;False;False;True;BOHEMIA INTERACTIVE a.s.; Symantec Class 3 SHA256 Code Signing CA; VeriSign;False;False;False;False;;False;False;False;[];['-'];-;-;-;-;-;-;-;-;-;-;
850d23a45fc49db02b5d6c737ddbda46f9fec33c564a065a0b4c34431b7d305e;clean;;0;-;GFSDK_SSAO_D3D11.win64.dll, GFSDK_SSAO_D3D11.win64.dll, _GFSDK_SSAO_D3D11.win64.dll;2017-03-21 17:57:54;2020-03-08 21:34:54;Win32 DLL;3df3d4e9f8aeddaebd7363de7ab1c080;88964bd68c14ba9ea7ea94ef945db2f077cfc074;850d23a45fc49db02b5d6c737ddbda46f9fec33c564a065a0b4c34431b7d305e;66b2567945956ad7479e67531882ce5a;False;False;False;False;True;Bohemia Interactive a.s.; Symantec Class 3 SHA256 Code Signing CA; VeriSign;False;False;False;False;;False;False;False;[];['-'];-;-;-;-;-;-;-;-;-;-;
5f1a4098db836016936d39a0179b3701b4c58dd556bfeb9a40fc5e745ba90658;clean;;0;-;PxFoundation_x86.dll, PxFoundation_x86.dll, PxFoundation_x86;2017-12-03 15:00:40;2017-12-29 16:51:46;Win32 DLL;e805d8109624be383a27124a309519d2;6a84b28520f5b8af8fd8dc04db83366ce16d7c37;5f1a4098db836016936d39a0179b3701b4c58dd556bfeb9a40fc5e745ba90658;dc3b51c0002f2ccc1ed3b7b5b2c42c88;False;False;False;False;True;Bohemia Interactive a.s.; Symantec Class 3 SHA256 Code Signing CA; VeriSign;False;False;False;False;;False;False;False;[];['-'];-;-;-;-;-;-;-;-;-;-;
b224dcc508966fd25cac1c661d630f617b8d4352341b9c05bcf7395f652481de;unknown;;0;-;-;-;-;-;-;-;b224dcc508966fd25cac1c661d630f617b8d4352341b9c05bcf7395f652481de;-;False;False;False;False;False;;False;False;False;False;;False;False;False;[];[];-;-;-;-;-;-;-;-;-;-;
871a7853d471dfc255cd9a70287690ebb7aa81585ad4c5edfb2146bd54e944fe;unknown;;0;-;-;-;-;-;-;-;871a7853d471dfc255cd9a70287690ebb7aa81585ad4c5edfb2146bd54e944fe;-;False;False;False;False;False;;False;False;False;False;;False;False;False;[];[];-;-;-;-;-;-;-;-;-;-;
a2fab4b0c06feeb2617b8c4779ffe172648ceb4fa7fe4510794dddbff01f5ada;clean;;0;-;tbb4malloc_bi.dll, tbb4malloc_bi.dll;2019-11-22 19:10:04;2019-12-20 19:16:54;Win32 DLL;ac0a4ecba827fbde3abbbf9a9c89b602;4096691c57718ad32bf3931e8c0598aeafcfc003;a2fab4b0c06feeb2617b8c4779ffe172648ceb4fa7fe4510794dddbff01f5ada;d533f13129127e99a47fc3d774e98504;False;False;False;False;True;BOHEMIA INTERACTIVE a.s.; Symantec Class 3 SHA256 Code Signing CA; VeriSign;False;False;False;False;;False;False;False;[];['-'];-;-;-;-;-;-;-;-;-;-;
99ba165ba44a1085c2df857d6569c473e5ae888b6d232a3486e385c5ff24f77a;clean;;0;-;PhysX3Cooking_x64.dll, PhysX3Cooking_x64, PhysX3Cooking_x64.dll;2017-12-03 15:01:01;2018-07-18 00:07:42;Win32 DLL;e91cb1fc979464de03db9425885f7c4d;1ab2c1db3c74339c68a1f466c16120a23db34e29;99ba165ba44a1085c2df857d6569c473e5ae888b6d232a3486e385c5ff24f77a;dba8e6400c10658b7465b4f1c257c9bb;False;False;False;False;True;Bohemia Interactive a.s.; Symantec Class 3 SHA256 Code Signing CA; VeriSign;False;False;False;False;;False;False;False;[];['-'];-;-;-;-;-;-;-;-;-;-;
d7fb495709704d293a80bcedf7754ef20a03b5d60e527ad537e83cf9df6d5fa4;clean;;0;-;PhysX3Cooking_x86.dll, physx3cooking_x86.dll, PhysX3Cooking_x86, PhysX3Cooking_x86.dll;2017-12-03 15:00:41;2018-08-07 05:52:36;Win32 DLL;e291d6f81a913adc45fa0187b4743b46;5a775d7909b8c9e78d28db3cdc7cf1a5f652aa6e;d7fb495709704d293a80bcedf7754ef20a03b5d60e527ad537e83cf9df6d5fa4;c2a5555ff8dfb6910b22514ee11d7328;False;False;False;False;True;Bohemia Interactive a.s.; Symantec Class 3 SHA256 Code Signing CA; VeriSign;False;False;False;False;;False;False;False;[];['-'];-;-;-;-;-;-;-;-;-;-;
30234b2017c5fb95c24d466aa9c6a44326442f54d8019b82e7e607a3739712e3;unknown;;0;-;-;-;-;-;-;-;30234b2017c5fb95c24d466aa9c6a44326442f54d8019b82e7e607a3739712e3;-;False;False;False;False;False;;False;False;False;False;;False;False;False;[];[];-;-;-;-;-;-;-;-;-;-;
8177a0659bff01a3bb61224b5681f1b45bde6dc76502dcbddbc98fb64a1771d2;unknown;;0;-;-;-;-;-;-;-;8177a0659bff01a3bb61224b5681f1b45bde6dc76502dcbddbc98fb64a1771d2;-;False;False;False;False;False;;False;False;False;False;;False;False;False;[];[];-;-;-;-;-;-;-;-;-;-;
ddf5be98112d1bdee4a783556847e764d6ac8f291c2a74d36abb0f12d0514f61;unknown;;0;-;-;-;-;-;-;-;ddf5be98112d1bdee4a783556847e764d6ac8f291c2a74d36abb0f12d0514f61;-;False;False;False;False;False;;False;False;False;False;;False;False;False;[];[];-;-;-;-;-;-;-;-;-;-;
56ef9ebf9c38a4c7d79d7c2ff5876cbf54133b852e28f72fd6d37b73212f5303;unknown;;0;-;-;-;-;-;-;-;56ef9ebf9c38a4c7d79d7c2ff5876cbf54133b852e28f72fd6d37b73212f5303;-;False;False;False;False;False;;False;False;False;False;;False;False;False;[];[];-;-;-;-;-;-;-;-;-;-;
9f8100288057d62b3fd084b92bc16e3f280fdf57ec323614e075bda7ae437a33;clean;;0;-;tbb4malloc_bi.dll, tbb4malloc_bi_x64.dll, tbb4malloc_bi.dll;2019-12-14 23:35:00;2019-12-14 23:35:00;Win32 DLL;73a97712d5f7ca23bc95eaaadec72ed4;ee55a82bcf1454c8444339f36133d48d58339650;9f8100288057d62b3fd084b92bc16e3f280fdf57ec323614e075bda7ae437a33;9e2ed831f5cc7f5e202091ab30705230;False;False;False;False;True;BOHEMIA INTERACTIVE a.s.; Symantec Class 3 SHA256 Code Signing CA; VeriSign;False;False;False;False;;False;False;False;[];['-'];-;-;-;-;-;-;-;-;-;-;
fec4d9d3ae33bec6a6356315311c13c5e0cd19a7547789e573e5626c2a87391e;clean;;0;-;jemalloc_bi.dll, jemalloc_bi.dll, JEMalloc_bi.dll;2016-10-11 21:21:22;2019-03-02 02:58:50;Win32 DLL;be13762ecfd3cdcef11defd64bdcd991;49d686062c7c26e0153b0902e7afa617d2b1618d;fec4d9d3ae33bec6a6356315311c13c5e0cd19a7547789e573e5626c2a87391e;442f9e83946cf7eead503f450ed0ed5c;False;False;False;False;True;Bohemia Interactive a.s.; Symantec Class 3 SHA256 Code Signing CA; VeriSign;False;False;False;False;;False;False;False;[];['-'];-;-;-;-;-;-;-;-;-;-;
57085eb156a1dc3e83cc2c720a13a885992ba2fbb1772fa3565d780810c8e745;clean;;0;-;PhysX3Common_x64.dll, PhysX3Common_x64.dll, PhysX3Common_x64;2017-12-03 15:00:47;2020-03-08 21:36:12;Win32 DLL;30bff8ac74f7ac2b41e9f115dfc3cebb;5eab9e28d2589f5b2bea85db911b6d0f6e498c34;57085eb156a1dc3e83cc2c720a13a885992ba2fbb1772fa3565d780810c8e745;bbba5a65d71e6309bf634ab4b4f867ab;False;False;False;False;True;Bohemia Interactive a.s.; Symantec Class 3 SHA256 Code Signing CA; VeriSign;False;False;False;False;;False;False;False;[];['-'];-;-;-;-;-;-;-;-;-;-;
be442c544bc047209c163f66d41cb50dbe543be73790756ad34067dab7b14e46;clean;;0;-;Tobii.EyeX.Client.dll, Tobii.EyeX.Client.dll;2017-04-02 17:10:30;2019-03-02 02:58:22;Win32 DLL;b5527f1c95d7e4f273949ad50a2d2737;8dd3dd8998f34c365d987a70ed0fa31deae99193;be442c544bc047209c163f66d41cb50dbe543be73790756ad34067dab7b14e46;702fae780d6b0b265aa212dbfb268fa8;False;False;False;False;True;Bohemia Interactive a.s.; Symantec Class 3 SHA256 Code Signing CA; VeriSign;False;False;False;False;;False;False;False;[];['-'];-;-;-;-;-;-;-;-;-;-;
51a44dcc9663c4b75f6a953cc700c85ffe41ac55eacd6265b1e783969b964d5e;unknown;;0;-;-;-;-;-;-;-;51a44dcc9663c4b75f6a953cc700c85ffe41ac55eacd6265b1e783969b964d5e;-;False;False;False;False;False;;False;False;False;False;;False;False;False;[];[];-;-;-;-;-;-;-;-;-;-;
1b061b87a9c9aaf5fd128e43e0e297bececfe798fa23bf409e3f6fb018574fe0;unknown;;0;-;-;-;-;-;-;-;1b061b87a9c9aaf5fd128e43e0e297bececfe798fa23bf409e3f6fb018574fe0;-;False;False;False;False;False;;False;False;False;False;;False;False;False;[];[];-;-;-;-;-;-;-;-;-;-;
327235ad4a86fc9b997606cc279d42e3bc8c0934a97ceffd6bd34e28380cae9b;clean;;0;-;PxFoundation_x64.dll, PxFoundation_x64.dll, PxFoundation_x64, pxfoundation_x64.dll;2017-12-03 15:00:40;2019-01-05 12:33:35;Win32 DLL;d7de4292c7606bb1f58f17cae781776c;2598a323664c59c9daaad20f55619bf5c34dbeb0;327235ad4a86fc9b997606cc279d42e3bc8c0934a97ceffd6bd34e28380cae9b;a9f3f1975e44cf74dca2fc0423c13904;False;False;False;False;True;Bohemia Interactive a.s.; Symantec Class 3 SHA256 Code Signing CA; VeriSign;False;False;False;False;;False;False;False;[];['-'];-;-;-;-;-;-;-;-;-;-;
1e7c5c2ca665e5d168fad68b72c500fa1bae911586ea5e2cda96a10bd6110ec5;unknown;;0;-;-;-;-;-;-;-;1e7c5c2ca665e5d168fad68b72c500fa1bae911586ea5e2cda96a10bd6110ec5;-;False;False;False;False;False;;False;False;False;False;;False;False;False;[];[];-;-;-;-;-;-;-;-;-;-;
85412e25b596d313d399159be36daacf9ebf5589204209bceaf3c6487de0460b;unknown;;0;-;-;-;-;-;-;-;85412e25b596d313d399159be36daacf9ebf5589204209bceaf3c6487de0460b;-;False;False;False;False;False;;False;False;False;False;;False;False;False;[];[];-;-;-;-;-;-;-;-;-;-;
776e2b615cb6f0a780300c62e6398bb783dcfc6b6e2f32660801ce09e718db0f;unknown;;0;-;-;-;-;-;-;-;776e2b615cb6f0a780300c62e6398bb783dcfc6b6e2f32660801ce09e718db0f;-;False;False;False;False;False;;False;False;False;False;;False;False;False;[];[];-;-;-;-;-;-;-;-;-;-;
7f706432be22d32f2814b73bf660c314b13be5e57ca798f2c9ba158a35f5bbb8;unknown;;0;-;-;-;-;-;-;-;7f706432be22d32f2814b73bf660c314b13be5e57ca798f2c9ba158a35f5bbb8;-;False;False;False;False;False;;False;False;False;False;;False;False;False;[];[];-;-;-;-;-;-;-;-;-;-;
7375c4799fa9ddf5e486ff8584fc909493cf268869fe124993d1865cd58c25bd;unknown;;0;-;-;-;-;-;-;-;7375c4799fa9ddf5e486ff8584fc909493cf268869fe124993d1865cd58c25bd;-;False;False;False;False;False;;False;False;False;False;;False;False;False;[];[];-;-;-;-;-;-;-;-;-;-;
e824098177ecd34106faf1705ea22fe0d9eb22a06c0421c86dc3fa9da3badb78;unknown;;0;-;-;-;-;-;-;-;e824098177ecd34106faf1705ea22fe0d9eb22a06c0421c86dc3fa9da3badb78;-;False;False;False;False;False;;False;False;False;False;;False;False;False;[];[];-;-;-;-;-;-;-;-;-;-;
aec23369acff26de318a562b051ee4538399fc486f4d1e24dad510afe009e9aa;unknown;;0;-;-;-;-;-;-;-;aec23369acff26de318a562b051ee4538399fc486f4d1e24dad510afe009e9aa;-;False;False;False;False;False;;False;False;False;False;;False;False;False;[];[];-;-;-;-;-;-;-;-;-;-;
560c810fc00fa49cd741c65d74000f3424dc96cb2299e76d7367bf534c2b18f1;clean;;0;-;Tobii.EyeX.Client.dll, Tobii.EyeX.Client.dll;2016-07-12 12:32:11;2019-03-02 02:58:23;Win32 DLL;6ca6c1f6c572203e9e7ce05bc47e1dd9;b2aec096180b98fea81b1bd217997b9dc0afcf15;560c810fc00fa49cd741c65d74000f3424dc96cb2299e76d7367bf534c2b18f1;e4796d30c6585c9428165873f02cb061;False;False;False;False;True;Bohemia Interactive a.s.; Symantec Class 3 SHA256 Code Signing CA; VeriSign;False;False;False;False;;False;False;False;[];['-'];-;-;-;-;-;-;-;-;-;-;
68fa6001943dc98a77c819a17fc810718fbf0ea74230721156fdb64c381c2bbd;clean;;0;-;PhysX3_x64.dll, physx3_x64.dll, PhysX3_x64, PhysX3_x64.dll;2017-12-03 14:58:17;2018-08-07 05:53:17;Win32 DLL;9067d3c52c02f05090b9fd52d36aebe1;964023301f83dd54a70f3488d0989b668de89c0b;68fa6001943dc98a77c819a17fc810718fbf0ea74230721156fdb64c381c2bbd;7236fa673da4f269134e7cb346c5a860;False;False;False;False;True;Bohemia Interactive a.s.; Symantec Class 3 SHA256 Code Signing CA; VeriSign;False;False;False;False;;False;False;False;[];['-'];-;-;-;-;-;-;-;-;-;-;
f4b74af1c60b0977b58b3248227e6e2ffda65038beffe93d24ee3766928073a9;clean;;0;-;Arma3, arma3.exe, Arma3;2020-02-17 19:44:03;2020-02-17 19:44:03;Win32 EXE;4d1cd6caa6b2ada1a03eda5718840dee;847e9827382528a4ef97db0bdd9a29fe4ccb7dda;f4b74af1c60b0977b58b3248227e6e2ffda65038beffe93d24ee3766928073a9;340b0de3d07e2361882a88ec126c07a5;False;False;False;False;True;BOHEMIA INTERACTIVE a.s.; Symantec Class 3 SHA256 Code Signing CA; VeriSign;False;False;False;False;;False;False;False;[];['-'];-;-;-;-;-;-;-;-;-;-;
a013987010b92e1bdb0dacbd996ae869fc30b664d69cb2b107a1baba512b6af4;clean;;0;-;Arma3, Arma3, arma3server.exe;2019-11-13 22:14:21;2019-12-05 20:06:43;Win32 EXE;bb7a58bad8b95c26d6ec0c66bc386668;2259bda77f7bd2eaa6ff4171c0893d3851f8065e;a013987010b92e1bdb0dacbd996ae869fc30b664d69cb2b107a1baba512b6af4;d143498279d11b530fd79acd1f7d3ba7;False;False;False;False;True;BOHEMIA INTERACTIVE a.s.; Symantec Class 3 SHA256 Code Signing CA; VeriSign;False;False;False;False;;False;False;False;[];['-'];-;-;-;-;-;-;-;-;-;-;
750260613bb6f65b9efe2fb98b720c8aa02c3feafbdb52df00e1f955c0acce3c;unknown;;0;-;-;-;-;-;-;-;750260613bb6f65b9efe2fb98b720c8aa02c3feafbdb52df00e1f955c0acce3c;-;False;False;False;False;False;;False;False;False;False;;False;False;False;[];[];-;-;-;-;-;-;-;-;-;-;
58084ef0b1287798fa010dfa9e30a1c242cfba949dcf45d715d29f21b934b728;clean;;0;-;Arma3, Arma3, arma3server_x64.exe;2019-11-19 05:53:26;2020-02-18 19:37:18;Win32 EXE;a4345dba71fd99dd9539837762e7bdad;141c2dcaee259bf889b976d682778d6a9e85c905;58084ef0b1287798fa010dfa9e30a1c242cfba949dcf45d715d29f21b934b728;f93f2663e748bd928226ef3f76f3fc0e;False;False;False;False;True;BOHEMIA INTERACTIVE a.s.; Symantec Class 3 SHA256 Code Signing CA; VeriSign;False;False;False;False;;False;False;False;[];['-'];-;-;-;-;-;-;-;-;-;-;
d2f350a2e7fcde0ffb4cb9c7b13502d30057dc20c48a4f4b1acf254a827baf84;clean;;0;-;Arma3, Arma3, arma3_x64.exe;2020-01-26 17:47:17;2020-02-10 01:14:57;Win32 EXE;ee0cca898ddb04694ea8b0c78c83dd83;1dbcbd117c3c10c8f6bd36b6d4efc8102c6e42eb;d2f350a2e7fcde0ffb4cb9c7b13502d30057dc20c48a4f4b1acf254a827baf84;468f6f8913e70ce2cc39b71c82ea8374;False;False;False;False;True;BOHEMIA INTERACTIVE a.s.; Symantec Class 3 SHA256 Code Signing CA; VeriSign;False;False;False;False;;False;False;False;[];['-'];-;-;-;-;-;-;-;-;-;-;
0231ec60fdf7f1ab7f35a8b614c9cfa869258056e1c484830ad0b8b053546630;clean;;0;-;GFSDK_SSAO_D3D11.win32.dll, GFSDK_SSAO_D3D11.win32.dll;2016-02-18 17:11:00;2019-07-31 18:18:49;Win32 DLL;904d6ee74aecf7100572e93fec223afa;92ba8c14f42bc6b8b5bd7e8ddaaa603831b40181;0231ec60fdf7f1ab7f35a8b614c9cfa869258056e1c484830ad0b8b053546630;bb5c39f47e854d6200bed82543defb81;False;False;False;False;True;Bohemia Interactive a.s.; VeriSign Class 3 Code Signing 2010 CA; VeriSign;False;False;False;False;;False;False;False;[];['-'];-;-;-;-;-;-;-;-;-;-;
e2cc86f5f11b521fdf2c748045eb40799b4504d7ffb868d62e2f7b53a2d0db6b;clean;;0;-;PhysX3Common_x86.dll, physx3common_x86.dll, PhysX3Common_x86, PhysX3Common_x86.dll;2017-12-03 15:00:46;2018-08-07 05:52:50;Win32 DLL;c8666aaf02d3845fd9e573494d7fbf6a;cfcea0eda830485a2f91ca07e75efadf8da221f3;e2cc86f5f11b521fdf2c748045eb40799b4504d7ffb868d62e2f7b53a2d0db6b;ff107e7c6c1a86706b1d336f22a5b027;False;False;False;False;True;Bohemia Interactive a.s.; Symantec Class 3 SHA256 Code Signing CA; VeriSign;False;False;False;False;;False;False;False;[];['-'];-;-;-;-;-;-;-;-;-;-;
1371ef2cc212ff32ca4e39d004711806b93ac1fb28da32dc61a45f43607622d1;clean;;0;-;PhysX3_x86.dll, PhysX3_x86, PhysX3_x86.dll;2017-12-03 14:57:47;2018-03-16 19:51:50;Win32 DLL;c0f2c3e4ba4907d55ddfb6bf4b5936d9;098e420dfa4fc11b39ccf92772dbdf67fb140943;1371ef2cc212ff32ca4e39d004711806b93ac1fb28da32dc61a45f43607622d1;c243b175cd3314d414853f3a4cc37343;False;False;False;False;True;Bohemia Interactive a.s.; Symantec Class 3 SHA256 Code Signing CA; VeriSign;False;False;False;False;;False;False;False;[];['-'];-;-;-;-;-;-;-;-;-;-;
0940491b8381f6c1b2cc115809fab40c1529e77cba9e35c4feddf956525084b7;clean;;0;-;arma3launcher.exe, arma3launcher.exe;2019-11-13 15:32:01;2020-01-01 06:22:30;Win32 EXE;98375f60dc1a49a9de0e75a60c051d05;c525eaab5d3cf1e5cf63a52bb504f98265d655aa;0940491b8381f6c1b2cc115809fab40c1529e77cba9e35c4feddf956525084b7;f34d5f2d4577ed6d9ceec516c1f5a744;False;False;False;False;True;BOHEMIA INTERACTIVE a.s.; Symantec Class 3 SHA256 Code Signing CA; VeriSign;False;False;False;False;;False;False;False;[];['-'];-;-;-;-;-;-;-;-;-;-;
2fe2b46a221f9e8f870ebfdede2182dfcc10321dda52df44611515a5a8bff70b;unknown;;0;-;-;-;-;-;-;-;2fe2b46a221f9e8f870ebfdede2182dfcc10321dda52df44611515a5a8bff70b;-;False;False;False;False;False;;False;False;False;False;;False;False;False;[];[];-;-;-;-;-;-;-;-;-;-;
b276e53fdf50efcd2a9e4cb4acfcba9c47ba87d5b96d611e8dbc7b3c69fddfef;clean;;0;-;jemalloc_bi_x64.dll, jemalloc_bi_x64.dll;2019-11-22 19:10:05;2019-11-22 19:10:05;Win32 DLL;bdbb445efefd34d33ce33424baaad700;3db21df07d426af6d557dc1d016792f7f0c4e7bf;b276e53fdf50efcd2a9e4cb4acfcba9c47ba87d5b96d611e8dbc7b3c69fddfef;ab82064cf0dc76f51355628511badc24;False;False;False;False;True;BOHEMIA INTERACTIVE a.s.; Symantec Class 3 SHA256 Code Signing CA; VeriSign;False;False;False;False;;False;False;False;[];['-'];-;-;-;-;-;-;-;-;-;-;
850d23a45fc49db02b5d6c737ddbda46f9fec33c564a065a0b4c34431b7d305e;clean;;0;-;GFSDK_SSAO_D3D11.win64.dll, GFSDK_SSAO_D3D11.win64.dll, _GFSDK_SSAO_D3D11.win64.dll;2017-03-21 17:57:54;2020-03-08 21:34:54;Win32 DLL;3df3d4e9f8aeddaebd7363de7ab1c080;88964bd68c14ba9ea7ea94ef945db2f077cfc074;850d23a45fc49db02b5d6c737ddbda46f9fec33c564a065a0b4c34431b7d305e;66b2567945956ad7479e67531882ce5a;False;False;False;False;True;Bohemia Interactive a.s.; Symantec Class 3 SHA256 Code Signing CA; VeriSign;False;False;False;False;;False;False;False;[];['-'];-;-;-;-;-;-;-;-;-;-;
5f1a4098db836016936d39a0179b3701b4c58dd556bfeb9a40fc5e745ba90658;clean;;0;-;PxFoundation_x86.dll, PxFoundation_x86.dll, PxFoundation_x86;2017-12-03 15:00:40;2017-12-29 16:51:46;Win32 DLL;e805d8109624be383a27124a309519d2;6a84b28520f5b8af8fd8dc04db83366ce16d7c37;5f1a4098db836016936d39a0179b3701b4c58dd556bfeb9a40fc5e745ba90658;dc3b51c0002f2ccc1ed3b7b5b2c42c88;False;False;False;False;True;Bohemia Interactive a.s.; Symantec Class 3 SHA256 Code Signing CA; VeriSign;False;False;False;False;;False;False;False;[];['-'];-;-;-;-;-;-;-;-;-;-;
b224dcc508966fd25cac1c661d630f617b8d4352341b9c05bcf7395f652481de;unknown;;0;-;-;-;-;-;-;-;b224dcc508966fd25cac1c661d630f617b8d4352341b9c05bcf7395f652481de;-;False;False;False;False;False;;False;False;False;False;;False;False;False;[];[];-;-;-;-;-;-;-;-;-;-;
871a7853d471dfc255cd9a70287690ebb7aa81585ad4c5edfb2146bd54e944fe;unknown;;0;-;-;-;-;-;-;-;871a7853d471dfc255cd9a70287690ebb7aa81585ad4c5edfb2146bd54e944fe;-;False;False;False;False;False;;False;False;False;False;;False;False;False;[];[];-;-;-;-;-;-;-;-;-;-;
a2fab4b0c06feeb2617b8c4779ffe172648ceb4fa7fe4510794dddbff01f5ada;clean;;0;-;tbb4malloc_bi.dll, tbb4malloc_bi.dll;2019-11-22 19:10:04;2019-12-20 19:16:54;Win32 DLL;ac0a4ecba827fbde3abbbf9a9c89b602;4096691c57718ad32bf3931e8c0598aeafcfc003;a2fab4b0c06feeb2617b8c4779ffe172648ceb4fa7fe4510794dddbff01f5ada;d533f13129127e99a47fc3d774e98504;False;False;False;False;True;BOHEMIA INTERACTIVE a.s.; Symantec Class 3 SHA256 Code Signing CA; VeriSign;False;False;False;False;;False;False;False;[];['-'];-;-;-;-;-;-;-;-;-;-;
99ba165ba44a1085c2df857d6569c473e5ae888b6d232a3486e385c5ff24f77a;clean;;0;-;PhysX3Cooking_x64.dll, PhysX3Cooking_x64, PhysX3Cooking_x64.dll;2017-12-03 15:01:01;2018-07-18 00:07:42;Win32 DLL;e91cb1fc979464de03db9425885f7c4d;1ab2c1db3c74339c68a1f466c16120a23db34e29;99ba165ba44a1085c2df857d6569c473e5ae888b6d232a3486e385c5ff24f77a;dba8e6400c10658b7465b4f1c257c9bb;False;False;False;False;True;Bohemia Interactive a.s.; Symantec Class 3 SHA256 Code Signing CA; VeriSign;False;False;False;False;;False;False;False;[];['-'];-;-;-;-;-;-;-;-;-;-;
d7fb495709704d293a80bcedf7754ef20a03b5d60e527ad537e83cf9df6d5fa4;clean;;0;-;PhysX3Cooking_x86.dll, physx3cooking_x86.dll, PhysX3Cooking_x86, PhysX3Cooking_x86.dll;2017-12-03 15:00:41;2018-08-07 05:52:36;Win32 DLL;e291d6f81a913adc45fa0187b4743b46;5a775d7909b8c9e78d28db3cdc7cf1a5f652aa6e;d7fb495709704d293a80bcedf7754ef20a03b5d60e527ad537e83cf9df6d5fa4;c2a5555ff8dfb6910b22514ee11d7328;False;False;False;False;True;Bohemia Interactive a.s.; Symantec Class 3 SHA256 Code Signing CA; VeriSign;False;False;False;False;;False;False;False;[];['-'];-;-;-;-;-;-;-;-;-;-;
30234b2017c5fb95c24d466aa9c6a44326442f54d8019b82e7e607a3739712e3;unknown;;0;-;-;-;-;-;-;-;30234b2017c5fb95c24d466aa9c6a44326442f54d8019b82e7e607a3739712e3;-;False;False;False;False;False;;False;False;False;False;;False;False;False;[];[];-;-;-;-;-;-;-;-;-;-;
8177a0659bff01a3bb61224b5681f1b45bde6dc76502dcbddbc98fb64a1771d2;unknown;;0;-;-;-;-;-;-;-;8177a0659bff01a3bb61224b5681f1b45bde6dc76502dcbddbc98fb64a1771d2;-;False;False;False;False;False;;False;False;False;False;;False;False;False;[];[];-;-;-;-;-;-;-;-;-;-;
ddf5be98112d1bdee4a783556847e764d6ac8f291c2a74d36abb0f12d0514f61;unknown;;0;-;-;-;-;-;-;-;ddf5be98112d1bdee4a783556847e764d6ac8f291c2a74d36abb0f12d0514f61;-;False;False;False;False;False;;False;False;False;False;;False;False;False;[];[];-;-;-;-;-;-;-;-;-;-;
56ef9ebf9c38a4c7d79d7c2ff5876cbf54133b852e28f72fd6d37b73212f5303;unknown;;0;-;-;-;-;-;-;-;56ef9ebf9c38a4c7d79d7c2ff5876cbf54133b852e28f72fd6d37b73212f5303;-;False;False;False;False;False;;False;False;False;False;;False;False;False;[];[];-;-;-;-;-;-;-;-;-;-;
9f8100288057d62b3fd084b92bc16e3f280fdf57ec323614e075bda7ae437a33;clean;;0;-;tbb4malloc_bi.dll, tbb4malloc_bi_x64.dll, tbb4malloc_bi.dll;2019-12-14 23:35:00;2019-12-14 23:35:00;Win32 DLL;73a97712d5f7ca23bc95eaaadec72ed4;ee55a82bcf1454c8444339f36133d48d58339650;9f8100288057d62b3fd084b92bc16e3f280fdf57ec323614e075bda7ae437a33;9e2ed831f5cc7f5e202091ab30705230;False;False;False;False;True;BOHEMIA INTERACTIVE a.s.; Symantec Class 3 SHA256 Code Signing CA; VeriSign;False;False;False;False;;False;False;False;[];['-'];-;-;-;-;-;-;-;-;-;-;
fec4d9d3ae33bec6a6356315311c13c5e0cd19a7547789e573e5626c2a87391e;clean;;0;-;jemalloc_bi.dll, jemalloc_bi.dll, JEMalloc_bi.dll;2016-10-11 21:21:22;2019-03-02 02:58:50;Win32 DLL;be13762ecfd3cdcef11defd64bdcd991;49d686062c7c26e0153b0902e7afa617d2b1618d;fec4d9d3ae33bec6a6356315311c13c5e0cd19a7547789e573e5626c2a87391e;442f9e83946cf7eead503f450ed0ed5c;False;False;False;False;True;Bohemia Interactive a.s.; Symantec Class 3 SHA256 Code Signing CA; VeriSign;False;False;False;False;;False;False;False;[];['-'];-;-;-;-;-;-;-;-;-;-;
57085eb156a1dc3e83cc2c720a13a885992ba2fbb1772fa3565d780810c8e745;clean;;0;-;PhysX3Common_x64.dll, PhysX3Common_x64.dll, PhysX3Common_x64;2017-12-03 15:00:47;2020-03-08 21:36:12;Win32 DLL;30bff8ac74f7ac2b41e9f115dfc3cebb;5eab9e28d2589f5b2bea85db911b6d0f6e498c34;57085eb156a1dc3e83cc2c720a13a885992ba2fbb1772fa3565d780810c8e745;bbba5a65d71e6309bf634ab4b4f867ab;False;False;False;False;True;Bohemia Interactive a.s.; Symantec Class 3 SHA256 Code Signing CA; VeriSign;False;False;False;False;;False;False;False;[];['-'];-;-;-;-;-;-;-;-;-;-;
be442c544bc047209c163f66d41cb50dbe543be73790756ad34067dab7b14e46;clean;;0;-;Tobii.EyeX.Client.dll, Tobii.EyeX.Client.dll;2017-04-02 17:10:30;2019-03-02 02:58:22;Win32 DLL;b5527f1c95d7e4f273949ad50a2d2737;8dd3dd8998f34c365d987a70ed0fa31deae99193;be442c544bc047209c163f66d41cb50dbe543be73790756ad34067dab7b14e46;702fae780d6b0b265aa212dbfb268fa8;False;False;False;False;True;Bohemia Interactive a.s.; Symantec Class 3 SHA256 Code Signing CA; VeriSign;False;False;False;False;;False;False;False;[];['-'];-;-;-;-;-;-;-;-;-;-;
51a44dcc9663c4b75f6a953cc700c85ffe41ac55eacd6265b1e783969b964d5e;unknown;;0;-;-;-;-;-;-;-;51a44dcc9663c4b75f6a953cc700c85ffe41ac55eacd6265b1e783969b964d5e;-;False;False;False;False;False;;False;False;False;False;;False;False;False;[];[];-;-;-;-;-;-;-;-;-;-;
1b061b87a9c9aaf5fd128e43e0e297bececfe798fa23bf409e3f6fb018574fe0;unknown;;0;-;-;-;-;-;-;-;1b061b87a9c9aaf5fd128e43e0e297bececfe798fa23bf409e3f6fb018574fe0;-;False;False;False;False;False;;False;False;False;False;;False;False;False;[];[];-;-;-;-;-;-;-;-;-;-;
327235ad4a86fc9b997606cc279d42e3bc8c0934a97ceffd6bd34e28380cae9b;clean;;0;-;PxFoundation_x64.dll, PxFoundation_x64.dll, PxFoundation_x64, pxfoundation_x64.dll;2017-12-03 15:00:40;2019-01-05 12:33:35;Win32 DLL;d7de4292c7606bb1f58f17cae781776c;2598a323664c59c9daaad20f55619bf5c34dbeb0;327235ad4a86fc9b997606cc279d42e3bc8c0934a97ceffd6bd34e28380cae9b;a9f3f1975e44cf74dca2fc0423c13904;False;False;False;False;True;Bohemia Interactive a.s.; Symantec Class 3 SHA256 Code Signing CA; VeriSign;False;False;False;False;;False;False;False;[];['-'];-;-;-;-;-;-;-;-;-;-;
1e7c5c2ca665e5d168fad68b72c500fa1bae911586ea5e2cda96a10bd6110ec5;unknown;;0;-;-;-;-;-;-;-;1e7c5c2ca665e5d168fad68b72c500fa1bae911586ea5e2cda96a10bd6110ec5;-;False;False;False;False;False;;False;False;False;False;;False;False;False;[];[];-;-;-;-;-;-;-;-;-;-;
85412e25b596d313d399159be36daacf9ebf5589204209bceaf3c6487de0460b;unknown;;0;-;-;-;-;-;-;-;85412e25b596d313d399159be36daacf9ebf5589204209bceaf3c6487de0460b;-;False;False;False;False;False;;False;False;False;False;;False;False;False;[];[];-;-;-;-;-;-;-;-;-;-;
776e2b615cb6f0a780300c62e6398bb783dcfc6b6e2f32660801ce09e718db0f;unknown;;0;-;-;-;-;-;-;-;776e2b615cb6f0a780300c62e6398bb783dcfc6b6e2f32660801ce09e718db0f;-;False;False;False;False;False;;False;False;False;False;;False;False;False;[];[];-;-;-;-;-;-;-;-;-;-;
7f706432be22d32f2814b73bf660c314b13be5e57ca798f2c9ba158a35f5bbb8;unknown;;0;-;-;-;-;-;-;-;7f706432be22d32f2814b73bf660c314b13be5e57ca798f2c9ba158a35f5bbb8;-;False;False;False;False;False;;False;False;False;False;;False;False;False;[];[];-;-;-;-;-;-;-;-;-;-;
7375c4799fa9ddf5e486ff8584fc909493cf268869fe124993d1865cd58c25bd;unknown;;0;-;-;-;-;-;-;-;7375c4799fa9ddf5e486ff8584fc909493cf268869fe124993d1865cd58c25bd;-;False;False;False;False;False;;False;False;False;False;;False;False;False;[];[];-;-;-;-;-;-;-;-;-;-;
e824098177ecd34106faf1705ea22fe0d9eb22a06c0421c86dc3fa9da3badb78;unknown;;0;-;-;-;-;-;-;-;e824098177ecd34106faf1705ea22fe0d9eb22a06c0421c86dc3fa9da3badb78;-;False;False;False;False;False;;False;False;False;False;;False;False;False;[];[];-;-;-;-;-;-;-;-;-;-;
aec23369acff26de318a562b051ee4538399fc486f4d1e24dad510afe009e9aa;unknown;;0;-;-;-;-;-;-;-;aec23369acff26de318a562b051ee4538399fc486f4d1e24dad510afe009e9aa;-;False;False;False;False;False;;False;False;False;False;;False;False;False;[];[];-;-;-;-;-;-;-;-;-;-;
560c810fc00fa49cd741c65d74000f3424dc96cb2299e76d7367bf534c2b18f1;clean;;0;-;Tobii.EyeX.Client.dll, Tobii.EyeX.Client.dll;2016-07-12 12:32:11;2019-03-02 02:58:23;Win32 DLL;6ca6c1f6c572203e9e7ce05bc47e1dd9;b2aec096180b98fea81b1bd217997b9dc0afcf15;560c810fc00fa49cd741c65d74000f3424dc96cb2299e76d7367bf534c2b18f1;e4796d30c6585c9428165873f02cb061;False;False;False;False;True;Bohemia Interactive a.s.; Symantec Class 3 SHA256 Code Signing CA; VeriSign;False;False;False;False;;False;False;False;[];['-'];-;-;-;-;-;-;-;-;-;-;
68fa6001943dc98a77c819a17fc810718fbf0ea74230721156fdb64c381c2bbd;clean;;0;-;PhysX3_x64.dll, physx3_x64.dll, PhysX3_x64, PhysX3_x64.dll;2017-12-03 14:58:17;2018-08-07 05:53:17;Win32 DLL;9067d3c52c02f05090b9fd52d36aebe1;964023301f83dd54a70f3488d0989b668de89c0b;68fa6001943dc98a77c819a17fc810718fbf0ea74230721156fdb64c381c2bbd;7236fa673da4f269134e7cb346c5a860;False;False;False;False;True;Bohemia Interactive a.s.; Symantec Class 3 SHA256 Code Signing CA; VeriSign;False;False;False;False;;False;False;False;[];['-'];-;-;-;-;-;-;-;-;-;-;
f4b74af1c60b0977b58b3248227e6e2ffda65038beffe93d24ee3766928073a9;clean;;0;-;Arma3, arma3.exe, Arma3;2020-02-17 19:44:03;2020-02-17 19:44:03;Win32 EXE;4d1cd6caa6b2ada1a03eda5718840dee;847e9827382528a4ef97db0bdd9a29fe4ccb7dda;f4b74af1c60b0977b58b3248227e6e2ffda65038beffe93d24ee3766928073a9;340b0de3d07e2361882a88ec126c07a5;False;False;False;False;True;BOHEMIA INTERACTIVE a.s.; Symantec Class 3 SHA256 Code Signing CA; VeriSign;False;False;False;False;;False;False;False;[];['-'];-;-;-;-;-;-;-;-;-;-;
a013987010b92e1bdb0dacbd996ae869fc30b664d69cb2b107a1baba512b6af4;clean;;0;-;Arma3, Arma3, arma3server.exe;2019-11-13 22:14:21;2019-12-05 20:06:43;Win32 EXE;bb7a58bad8b95c26d6ec0c66bc386668;2259bda77f7bd2eaa6ff4171c0893d3851f8065e;a013987010b92e1bdb0dacbd996ae869fc30b664d69cb2b107a1baba512b6af4;d143498279d11b530fd79acd1f7d3ba7;False;False;False;False;True;BOHEMIA INTERACTIVE a.s.; Symantec Class 3 SHA256 Code Signing CA; VeriSign;False;False;False;False;;False;False;False;[];['-'];-;-;-;-;-;-;-;-;-;-;
750260613bb6f65b9efe2fb98b720c8aa02c3feafbdb52df00e1f955c0acce3c;unknown;;0;-;-;-;-;-;-;-;750260613bb6f65b9efe2fb98b720c8aa02c3feafbdb52df00e1f955c0acce3c;-;False;False;False;False;False;;False;False;False;False;;False;False;False;[];[];-;-;-;-;-;-;-;-;-;-;
58084ef0b1287798fa010dfa9e30a1c242cfba949dcf45d715d29f21b934b728;clean;;0;-;Arma3, Arma3, arma3server_x64.exe;2019-11-19 05:53:26;2020-02-18 19:37:18;Win32 EXE;a4345dba71fd99dd9539837762e7bdad;141c2dcaee259bf889b976d682778d6a9e85c905;58084ef0b1287798fa010dfa9e30a1c242cfba949dcf45d715d29f21b934b728;f93f2663e748bd928226ef3f76f3fc0e;False;False;False;False;True;BOHEMIA INTERACTIVE a.s.; Symantec Class 3 SHA256 Code Signing CA; VeriSign;False;False;False;False;;False;False;False;[];['-'];-;-;-;-;-;-;-;-;-;-;
d2f350a2e7fcde0ffb4cb9c7b13502d30057dc20c48a4f4b1acf254a827baf84;clean;;0;-;Arma3, Arma3, arma3_x64.exe;2020-01-26 17:47:17;2020-02-10 01:14:57;Win32 EXE;ee0cca898ddb04694ea8b0c78c83dd83;1dbcbd117c3c10c8f6bd36b6d4efc8102c6e42eb;d2f350a2e7fcde0ffb4cb9c7b13502d30057dc20c48a4f4b1acf254a827baf84;468f6f8913e70ce2cc39b71c82ea8374;False;False;False;False;True;BOHEMIA INTERACTIVE a.s.; Symantec Class 3 SHA256 Code Signing CA; VeriSign;False;False;False;False;;False;False;False;[];['-'];-;-;-;-;-;-;-;-;-;-;
0231ec60fdf7f1ab7f35a8b614c9cfa869258056e1c484830ad0b8b053546630;clean;;0;-;GFSDK_SSAO_D3D11.win32.dll, GFSDK_SSAO_D3D11.win32.dll;2016-02-18 17:11:00;2019-07-31 18:18:49;Win32 DLL;904d6ee74aecf7100572e93fec223afa;92ba8c14f42bc6b8b5bd7e8ddaaa603831b40181;0231ec60fdf7f1ab7f35a8b614c9cfa869258056e1c484830ad0b8b053546630;bb5c39f47e854d6200bed82543defb81;False;False;False;False;True;Bohemia Interactive a.s.; VeriSign Class 3 Code Signing 2010 CA; VeriSign;False;False;False;False;;False;False;False;[];['-'];-;-;-;-;-;-;-;-;-;-;
e2cc86f5f11b521fdf2c748045eb40799b4504d7ffb868d62e2f7b53a2d0db6b;clean;;0;-;PhysX3Common_x86.dll, physx3common_x86.dll, PhysX3Common_x86, PhysX3Common_x86.dll;2017-12-03 15:00:46;2018-08-07 05:52:50;Win32 DLL;c8666aaf02d3845fd9e573494d7fbf6a;cfcea0eda830485a2f91ca07e75efadf8da221f3;e2cc86f5f11b521fdf2c748045eb40799b4504d7ffb868d62e2f7b53a2d0db6b;ff107e7c6c1a86706b1d336f22a5b027;False;False;False;False;True;Bohemia Interactive a.s.; Symantec Class 3 SHA256 Code Signing CA; VeriSign;False;False;False;False;;False;False;False;[];['-'];-;-;-;-;-;-;-;-;-;-;
1371ef2cc212ff32ca4e39d004711806b93ac1fb28da32dc61a45f43607622d1;clean;;0;-;PhysX3_x86.dll, PhysX3_x86, PhysX3_x86.dll;2017-12-03 14:57:47;2018-03-16 19:51:50;Win32 DLL;c0f2c3e4ba4907d55ddfb6bf4b5936d9;098e420dfa4fc11b39ccf92772dbdf67fb140943;1371ef2cc212ff32ca4e39d004711806b93ac1fb28da32dc61a45f43607622d1;c243b175cd3314d414853f3a4cc37343;False;False;False;False;True;Bohemia Interactive a.s.; Symantec Class 3 SHA256 Code Signing CA; VeriSign;False;False;False;False;;False;False;False;[];['-'];-;-;-;-;-;-;-;-;-;-;
0940491b8381f6c1b2cc115809fab40c1529e77cba9e35c4feddf956525084b7;clean;;0;-;arma3launcher.exe, arma3launcher.exe;2019-11-13 15:32:01;2020-01-01 06:22:30;Win32 EXE;98375f60dc1a49a9de0e75a60c051d05;c525eaab5d3cf1e5cf63a52bb504f98265d655aa;0940491b8381f6c1b2cc115809fab40c1529e77cba9e35c4feddf956525084b7;f34d5f2d4577ed6d9ceec516c1f5a744;False;False;False;False;True;BOHEMIA INTERACTIVE a.s.; Symantec Class 3 SHA256 Code Signing CA; VeriSign;False;False;False;False;;False;False;False;[];['-'];-;-;-;-;-;-;-;-;-;-;
87c7122e8dbee28e4e060b68f3aebad76438c330ecffbc1c79095edfe39372d3;unknown;;0;-;-;-;-;-;-;-;87c7122e8dbee28e4e060b68f3aebad76438c330ecffbc1c79095edfe39372d3;-;False;False;False;False;False;;False;False;False;False;;False;False;False;[];[];-;-;-;-;-;-;-;-;-;-;
c69c949c6341f0f7f0fff215b1792883e90d12786617269204c2b25659e8dfd1;unknown;;0;-;-;-;-;-;-;-;c69c949c6341f0f7f0fff215b1792883e90d12786617269204c2b25659e8dfd1;-;False;False;False;False;False;;False;False;False;False;;False;False;False;[];[];-;-;-;-;-;-;-;-;-;-;
806fbdc05cad7fe277e0e324bbb1b4bf1860a7a9fd6aae50665342e6eacf5940;unknown;;0;-;-;-;-;-;-;-;806fbdc05cad7fe277e0e324bbb1b4bf1860a7a9fd6aae50665342e6eacf5940;-;False;False;False;False;False;;False;False;False;False;;False;False;False;[];[];-;-;-;-;-;-;-;-;-;-;
d98c0734c914235301d8a73ea06415e617321d19919532a28440331e80240bb5;unknown;;0;-;-;-;-;-;-;-;d98c0734c914235301d8a73ea06415e617321d19919532a28440331e80240bb5;-;False;False;False;False;False;;False;False;False;False;;False;False;False;[];[];-;-;-;-;-;-;-;-;-;-;
2b3b6dfa6cc4f6ef0f620ae56aca34aeb9ae9529ce407e5d8435df38d2e15a97;clean;;0;-;newfrontier.exe, newfrontier.exe;2020-02-12 09:04:18;2020-02-17 00:27:56;Win32 EXE;3e5fa20e262c877e82efbd3ede63bbee;c295f1c3b2f39b664b5200db3547bb7f3e68f0d0;2b3b6dfa6cc4f6ef0f620ae56aca34aeb9ae9529ce407e5d8435df38d2e15a97;-;False;False;False;False;True;Free Reign Entertainment LLC; DigiCert SHA2 Assured ID Code Signing CA; DigiCert;False;False;False;False;;False;False;False;[];['-'];-;-;-;-;-;-;-;-;-;-;
37d5176c9b0d541859c7775773a7f9252919d618bb53ade7f5c9352be5d22738;clean;;0;-;newfrontier.exe, newfrontier.exe;2020-02-20 18:40:15;2020-02-25 06:17:28;Win32 EXE;304b342a05781a6a1be4b45222b289c7;49cd1194429246bbabae572d8ab288623e1462ef;37d5176c9b0d541859c7775773a7f9252919d618bb53ade7f5c9352be5d22738;-;False;False;False;False;True;Free Reign Entertainment LLC; DigiCert SHA2 Assured ID Code Signing CA; DigiCert;False;False;False;False;;False;False;False;[];['-'];-;-;-;-;-;-;-;-;-;-;
f3e1ad1957976ff46270d8f9761d9e55b871eae9d4811d8f52e6b64d5d5bebeb;unknown;;0;-;-;-;-;-;-;-;f3e1ad1957976ff46270d8f9761d9e55b871eae9d4811d8f52e6b64d5d5bebeb;-;False;False;False;False;False;;False;False;False;False;;False;False;False;[];[];-;-;-;-;-;-;-;-;-;-;
c2019e326bf755b91dc1719e85ae64f6ad0fd9998323b1516105a8a61d70dbe2;suspicious;;2;-;Messenger2go.15.1908.1rhmsn.exe, Messenger2go.15.1908.1rhmsn.exe;2019-08-05 03:49:24;2020-02-02 09:22:25;Win32 EXE;4958c2a3c705ce96ac32c1e924e15615;536b77e8324164fc3bd6a815130d5d984659e46e;c2019e326bf755b91dc1719e85ae64f6ad0fd9998323b1516105a8a61d70dbe2;bf95d1fc1d10de18b32654b123ad5e1f;False;False;False;False;False;-;True;False;False;False;;False;False;False;[];['disturb3d', 'zbetcheckin'];-;-;-;-;-;-;-;-;-;-;
e70faca5167cb52f17c32bb8232622daf3ed9ef677e25d87047520d7569bf960;clean;;0;-;Process Simulator 2016 SP1 Free.exe, Process Simulator 2016 SP1 Free, Process Simulator 2016 SP1 Free.exe, Process Simulator Free.exe;2019-09-24 12:50:59;2019-10-20 18:17:12;Win32 EXE;b671d937d36dfa523e546b8f8e404f35;7ae60d13c672531bdd94e0ea585a2de459bae3f3;e70faca5167cb52f17c32bb8232622daf3ed9ef677e25d87047520d7569bf960;7cd74d9871762af4ab14a6e0734b0cd7;False;False;False;False;True;ProModel Corporation; Sectigo RSA Code Signing CA; Sectigo;False;False;False;False;;False;False;False;[];['-'];-;-;-;-;-;-;-;-;-;-;
